diet,tank,fish,growth_g
Control,C1,1,18.5
Control,C1,2,18.7
Control,C1,3,18.9
Control,C1,4,19.1
Control,C1,5,19.3
Control,C1,6,19.5
Control,C2,1,19.5
Control,C2,2,19.7
Control,C2,3,19.9
Control,C2,4,20.1
Control,C2,5,20.3
Control,C2,6,20.5
Control,C3,1,20.5
Control,C3,2,20.7
Control,C3,3,20.9
Control,C3,4,21.1
Control,C3,5,21.3
Control,C3,6,21.5
Control,C4,1,21.5
Control,C4,2,21.7
Control,C4,3,21.9
Control,C4,4,22.1
Control,C4,5,22.3
Control,C4,6,22.5
Treatment,T1,1,20.5
Treatment,T1,2,20.7
Treatment,T1,3,20.9
Treatment,T1,4,21.1
Treatment,T1,5,21.3
Treatment,T1,6,21.5
Treatment,T2,1,21.5
Treatment,T2,2,21.7
Treatment,T2,3,21.9
Treatment,T2,4,22.1
Treatment,T2,5,22.3
Treatment,T2,6,22.5
Treatment,T3,1,22.5
Treatment,T3,2,22.7
Treatment,T3,3,22.9
Treatment,T3,4,23.1
Treatment,T3,5,23.3
Treatment,T3,6,23.5
Treatment,T4,1,23.5
Treatment,T4,2,23.7
Treatment,T4,3,23.9
Treatment,T4,4,24.1
Treatment,T4,5,24.3
Treatment,T4,6,24.5
